{
    "1": {
        "1": 88.1668484274421,
        "2": 156.567,
        "3": -2.333
    },
    "2": {
        "1": 88.1668484274421,
        "2": 97.867,
        "3": 274.067
    },
    "3": {
        "1": 89.77089453476235,
        "2": -72.0,
        "3": 42.9
    }
}