{
    "1": {
        "1": 89.77089453476235,
        "2": 177.033,
        "3": 386.333
    },
    "2": {
        "1": 90.0,
        "2": -25.0,
        "3": 14.9
    },
    "3": {
        "1": 89.77089453476235,
        "2": -72.0,
        "3": 42.9
    }
}