{
  "vl53l0x_0": {
    "known_distance_mm": 0,
    "raw_average_mm": 46.4,
    "error_mm": 46.4,
    "offset_mm": -46.4,
    "samples": [
      47,
      45,
      45,
      46,
      47,
      47,
      46,
      47,
      47,
      47
    ],
    "timestamp": 1774356664.9451377
  },
  "vl53l0x_1": {
    "known_distance_mm": 0,
    "raw_average_mm": 8190.5,
    "error_mm": 8190.5,
    "offset_mm": -8190.5,
    "samples": [
      8190,
      8190,
      8191,
      8190,
      8191,
      8190,
      8191,
      8191,
      8190,
      8191
    ],
    "timestamp": 1774356667.6592696
  }
}