{
  "vl53l0x_0": {
    "baseline_mm": 37.1,
    "samples": [
      37,
      37,
      37,
      37,
      38,
      37,
      37,
      37,
      37,
      37
    ],
    "timestamp": 1773176376.4400759
  },
  "vl53l0x_1": {
    "baseline_mm": 20,
    "samples": 10,
    "timestamp": 1773176376.4400816
  }
}