{
  "vl53l0x_0": {
    "baseline_mm": 59.5,
    "samples": [
      59,
      59,
      59,
      59,
      60,
      60,
      60,
      60,
      59,
      60
    ],
    "timestamp": 1769491160.629408
  },
  "vl53l0x_1": {
    "baseline_mm": 58.8,
    "samples": [
      58,
      58,
      58,
      59,
      60,
      59,
      60,
      59,
      59,
      58
    ],
    "timestamp": 1769491160.6294127
  }
}